{
  "norm_stats": {
    "state": {
      "mean": [
        -0.18324270844459534,
        1.0193970203399658,
        -0.7647160291671753,
        -0.10119108110666275,
        0.6259235739707947,
        0.3979155421257019,
        0.9166289567947388,
        0.1648559868335724,
        0.5214617252349854,
        -0.41746068000793457,
        0.15416549146175385,
        0.3428405225276947,
        -0.21634183824062347,
        0.9575477242469788
      ],
      "std": [
        0.2877441346645355,
        0.9205856323242188,
        0.7097504138946533,
        0.08406779915094376,
        0.4752715826034546,
        0.3588237464427948,
        0.13308283686637878,
        0.26281973719596863,
        0.809233546257019,
        0.6587450504302979,
        0.08456088602542877,
        0.46551793813705444,
        0.26551151275634766,
        0.10295239835977554
      ],
      "q01": [
        -0.7202985286414623,
        0.0013788100332021713,
        -2.0314391517867336,
        -0.25775205585062505,
        0.0269453135728836,
        -0.19538699743151663,
        0.6689031915187835,
        -0.03188053116202354,
        0.0013613568153232336,
        -1.7722873979302356,
        -0.07283889361321927,
        -0.013020546054840099,
        -0.9152996024727822,
        0.6789358294486999
      ],
      "q99": [
        0.1382746640682221,
        2.3865659831386057,
        0.0008846236201467406,
        0.0937544086188078,
        1.225733213841915,
        1.0472181480288507,
        1.0019463654994964,
        0.8437472130984068,
        2.063376548632514,
        -0.0013700520243262737,
        0.3438104095742106,
        1.2286376181602479,
        0.5440832033634186,
        0.9979342257499695
      ]
    },
    "actions": {
      "mean": [
        -0.180547833442688,
        1.0060425996780396,
        -0.7545604705810547,
        -0.10183041542768478,
        0.6212229132652283,
        0.3991006910800934,
        0.9166274070739746,
        0.16438934206962585,
        0.5217043161392212,
        -0.41746073961257935,
        0.154283344745636,
        0.34245964884757996,
        -0.21636274456977844,
        0.9575211405754089
      ],
      "std": [
        0.2890281081199646,
        0.9282549619674683,
        0.7150968909263611,
        0.08437684923410416,
        0.4775511622428894,
        0.358729749917984,
        0.13308261334896088,
        0.2632295787334442,
        0.8090841770172119,
        0.6587448120117188,
        0.08458764851093292,
        0.46575701236724854,
        0.26549914479255676,
        0.10294284671545029
      ],
      "q01": [
        -0.7202985286414623,
        0.0013788100332021713,
        -2.031863525095442,
        -0.25766598668694496,
        0.0269453135728836,
        -0.1947827644407749,
        0.6689031915187835,
        -0.040917748177051544,
        0.0013613568153232336,
        -1.7722873979302356,
        -0.07283889361321927,
        -0.013567050528526303,
        -0.9152996024727822,
        0.6789358294486999
      ],
      "q99": [
        0.1382746640682221,
        2.387058078697324,
        0.0008846236201467406,
        0.0940986852735281,
        1.2260015791654586,
        1.0472181480288507,
        1.0019463654994964,
        0.843943674337864,
        2.063376548632514,
        -0.0013700520243262737,
        0.3439005348831415,
        1.2286376181602479,
        0.5456663914799691,
        0.9979342257499695
      ]
    }
  }
}